Vmax (knots),filename
25.759767680000003,GH010035-gps.csv
24.638172,GH010025-gps.csv
